site_id,site_lat,site_lon,rain_penalty_pct,rain_penalty_count,median_daily_count,rain_share,commute_share,station_km,weather_resilience_index,log_median_daily_count,used_in_clustering,cluster
1,50.91618331151478,4.456121776137429,0.2245036706545367,89.18806230200468,369.0,0.5656996587030717,0.2974745021855269,14.972683799800055,0.7754963293454633,5.91350300563827,True,2
10,50.93549,4.01571,0.1783128916530801,47.772952444228224,282.0,0.5976962457337884,0.313953488372093,14.848313522523696,0.8216871083469199,5.645446897643238,True,2
100,51.0457,4.46883,0.0,0.0,1620.0,0.5984790874524715,0.2722513089005235,5.089265755710673,1.0,7.390798521735676,True,3
101,50.97799,5.04481,0.0426735318579127,11.139766161883458,300.0,0.5729564553093965,0.2767857142857143,27.09317077256348,0.9573264681420872,5.707110264748875,True,3
102,50.9779,5.04474,0.059137662776274,12.10449475770416,240.0,0.571319018404908,0.3197550939138515,27.102947390313943,0.940862337223726,5.484796933490655,True,2
103,51.31681,4.73872,0.1509725710063973,23.15121933701265,169.0,0.5726299694189603,0.3587142074918671,22.704384889445336,0.8490274289936026,5.135798437050262,True,2
104,51.31682,4.73852,0.1223159923545251,19.26019498702047,177.0,0.5726299694189603,0.2985781990521327,22.717204689805005,0.8776840076454748,5.181783550292085,True,2
105,50.75509,4.24943,0.4355838529526499,4.528887032100642,38.5,0.5785714285714286,0.3157894736842105,8.917136419511992,0.5644161470473501,3.676300671907076,False,
106,50.75533,4.24951,0.0779675407372948,3.189432735156304,46.0,0.5814843152257078,0.2972972972972973,8.898496763005497,0.9220324592627052,3.8501476017100584,True,3
107,50.8870744,4.7087919,0.0,0.0,4443.0,0.6001552795031055,0.2533951608654495,24.566074302296073,1.0,8.39931015075952,True,3
108,50.8471728,4.6954674,0.0780648621374562,52.2618466522963,758.5,0.5878693623639192,0.2872111978431926,24.37030715070776,0.9219351378625438,6.632660322035828,True,3
109,50.9903936,4.4707023,0.1276349820156541,145.35616159110884,1628.0,0.5985970381917382,0.2735008103727714,10.147789860063003,0.8723650179843458,7.395721608602045,True,3
11,50.93385,4.01647,0.2145183491406016,79.3495736062945,380.0,0.5972696245733788,0.312316715542522,14.960667990339545,0.7854816508593984,5.942799375126701,True,2
110,51.1739426,4.811783,0.1307141901524854,119.96870778085548,965.0,0.58046875,0.3537061533720659,15.913469722576002,0.8692858098475146,6.873163834212518,True,2
111,50.8871216,4.4597084,0.2083518244958359,84.40938258364523,424.5,0.5915492957746479,0.2887940596901956,12.340920352077186,0.7916481755041641,6.053264948013429,True,2
112,51.1354992,4.9394789,0.075075708636711,32.19123098305977,557.5,0.5816326530612245,0.3462606053099537,11.34267619054842,0.924924291363289,6.3252546185092555,True,3
113,50.96018,3.55578,0.1322504525267792,27.720340469277986,227.0,0.6036536934074662,0.3154121863799283,18.358092061948323,0.8677495474732208,5.429345628954441,True,2
114,50.9598305,3.555502,0.0933421919434463,3.595431586623917,66.0,0.6028594122319301,0.3333333333333333,18.38225133614264,0.9066578080565536,4.204692619390966,True,2
115,51.1058367,3.4350591,0.1189314872243699,69.79897791239216,650.0,0.6020816653322658,0.308182784272051,30.069445363203616,0.88106851277563,6.478509642208569,True,2
116,50.9986113,3.8040599,0.0907284049016808,22.810434091564083,280.0,0.6020816653322658,0.305993690851735,2.2017623182115953,0.9092715950983192,5.638354669333745,True,3
117,50.9986113,3.8040599,0.1332345190973027,43.82262144483221,348.0,0.6020816653322658,0.2682060390763766,2.2017623182115953,0.8667654809026972,5.855071922202427,True,3
118,51.028049,3.7681359,0.0,0.0,979.5,0.6003210272873194,0.2545317220543807,6.278243099303229,1.0,6.888062645636401,True,3
119,51.0281795,3.7683918,0.0644782685347084,0.5479726903735909,563.0,0.5941765241128298,0.2486818980667838,6.281003634042086,0.9355217314652916,6.335054251498059,True,3
12,50.81896,4.47803,0.3350324425056608,127.07891967239888,374.5,0.5411568409343716,0.2837124421560321,8.799369806443483,0.6649675574943392,5.928258471204189,False,
120,51.0607671,4.0547741,0.1366036283764983,14.438945575245569,110.0,0.6016064257028112,0.3246413272591283,18.947297732112897,0.8633963716235017,4.709530201312334,True,2
121,51.0604067,4.0556696,0.0701192149309797,22.024888310277504,345.0,0.6016064257028112,0.2732558139534883,18.983751381375352,0.9298807850690204,5.846438775057725,True,3
122,51.0373918,4.1019222,0.0,0.0,544.0,0.6016064257028112,0.2824843598670261,20.987406369123217,1.0,6.300785794663244,True,3
123,51.1964555,4.2362771,0.2985470933012656,0.3841814841804959,252.0,0.4306569343065693,0.3026627742392073,16.80509174694351,0.7014529066987343,5.53338948872752,False,
124,51.1964712,4.2361077,0.2729462456425729,11.881192186011956,448.5,0.5880149812734082,0.2967741935483871,16.80983586320131,0.727053754357427,6.108135853911675,True,2
125,51.0372706,4.1025998,0.1119578487224406,119.55550200305451,1337.0,0.6026058631921825,0.2664392213708842,21.02855801993324,0.8880421512775594,7.198931240688173,True,3
126,51.1017709,4.1469307,0.145294926049833,57.425365551943344,405.0,0.6016326530612245,0.3009950248756219,26.54424780273901,0.8547050739501669,6.0063531596017325,True,2
127,51.1342966,4.9400421,0.0604189056544623,22.772007338809654,490.5,0.5776143790849673,0.3733478893740902,11.43462841042537,0.9395810943455376,6.197461939587221,True,2
128,51.09644,3.97023,0.0530547404866031,13.804955844275582,301.0,0.6036036036036037,0.2779783393501805,16.824942622883,0.9469452595133968,5.71042701737487,True,3
129,51.09612,3.97025,0.0431757335624892,11.262280730722836,290.0,0.6036036036036037,0.233502538071066,16.798566484101535,0.9568242664375108,5.673323267171493,True,3
13,51.03018,3.70146,0.0412013901054522,25.23514470569637,736.0,0.5972696245733788,0.2712406425897385,9.746966639684643,0.9587986098945478,6.602587892189336,True,3
131,51.0276612,3.558569,0.1980711087319984,64.10880005369043,299.0,0.5931156222418358,0.2955326460481099,18.76723802520672,0.8019288912680016,5.703782474656201,True,2
132,51.245445,4.8298851,0.1532449632926838,17.400218470037856,119.0,0.5692446043165468,0.3013763197586727,13.999043581965354,0.8467550367073161,4.787491742782046,True,2
133,51.2453915,4.8297416,0.15207755897876,17.650988576881986,122.0,0.5722171113155474,0.316869918699187,14.00772427823801,0.84792244102124,4.812184355372417,True,2
134,51.2548405,5.1037658,0.1382260281892757,45.05848566288745,365.0,0.5692446043165468,0.2785195200270407,6.496781020006561,0.8617739718107242,5.902633333401366,True,3
135,51.2544998,5.1040064,0.1513040405023715,48.659528346362634,359.0,0.5692446043165468,0.3150091575091575,6.488972717337895,0.8486959594976284,5.886104031450156,True,2
136,51.0876313,3.7587918,0.0,0.0,455.5,0.5956284153005464,0.2481884057971014,12.588086643714597,1.0,6.1235887000350235,True,3
137,50.9411605,5.3417576,0.0,0.0,1948.0,0.6108422071636012,0.2725752508361204,8.126113377515688,1.0,7.575071699507561,True,3
138,50.9405318,5.3422472,0.0839497676973998,146.85124828537778,1810.5,0.607824427480916,0.2809193147094304,8.069629419264755,0.9160502323026,7.501910510335132,True,3
139,51.0644267,5.3819796,0.4090397965970396,186.19706030688545,349.0,0.6074498567335244,0.3885799939368761,17.240901133794676,0.5909602034029604,5.857933154483459,False,
14,50.97172,5.48927,0.1790037489057084,27.297893956731563,142.0,0.6015358361774744,0.3014026348561316,6.826006268254662,0.8209962510942915,4.962844630259907,True,2
140,50.9300038,5.3438616,0.0179636209916236,29.214776565284637,1913.5,0.6083172147001934,0.2763914039218437,7.6336971655693295,0.9820363790083764,7.557211770917349,True,3
142,51.22632,3.24095,0.0,0.0,3788.5,0.7380952380952381,0.229564626197524,13.732655298933077,1.0,8.239989363252084,True,1
143,50.83066,3.26286,0.0,0.0,4487.0,0.6306196840826246,0.2733750809760311,12.830132959268717,1.0,8.409162447202533,True,3
145,50.7885856,4.4908759,0.1138114642963494,27.575483155997233,0.0,0.5719298245614035,0.2431767430320072,9.391628479388176,0.8861885357036505,0.0,True,2
146,50.7881478,4.4902818,0.1142304674164761,27.438271917168663,0.0,0.5669014084507042,0.2117647058823529,9.354907518656448,0.8857695325835239,0.0,False,
147,50.7797555,4.4975769,0.1244935106119683,28.84967412397114,126.0,0.616580310880829,0.3083525916143942,9.998865590946028,0.8755064893880317,4.844187086458591,True,2
148,50.76699493,4.44471001,0.1245049021103583,25.46509521733913,290.0,0.6197916666666666,0.3028481839561013,6.939364605519242,0.8754950978896416,5.673323267171493,True,3
149,50.88297881,4.43356644,0.1305386742086044,29.441054604833223,269.0,0.6256684491978609,0.3709583768808374,10.97113278038771,0.8694613257913956,5.598421958998375,True,2
15,51.21371,2.92743,0.0764608826733234,42.17678543235877,604.0,0.6949658703071673,0.2816901408450704,24.190891925121935,0.9235391173266764,6.405228458030842,True,1
150,50.8687535,4.56136297,0.1710378557871345,37.208519350380314,81.0,0.6204379562043796,0.3413665254237288,16.38544883738312,0.8289621442128654,4.406719247264253,True,2
151,50.8690262,4.6854839,0.1709737613942268,41.414133890632655,181.0,0.625,0.2771084337349397,24.37404848149087,0.8290262386057732,5.204006687076795,True,2
152,50.968901168564656,4.149169474840164,0.1302681432909348,33.5169619006995,262.0,0.6829268292682927,0.3851851851851852,23.36117875728726,0.8697318567090652,5.572154032177765,True,1
16,50.83332,3.27777,0.0,0.0,713.0,0.6007718696397941,0.2697361195611813,13.479489200325746,1.0,6.570882962339584,True,3
17,50.83339,3.27773,0.0,0.0,695.5,0.6015358361774744,0.2871693327121188,13.472665508656112,1.0,6.54606779321986,True,3
18,51.21378,2.92765,0.0703160504678961,42.233064885966144,651.5,0.6949658703071673,0.2770914562766732,24.174025487073553,0.929683949532104,6.480811139196849,True,1
19,50.93433,4.01471,0.1717193019031392,84.25778074223906,535.0,0.5940848692670382,0.3094688221709007,14.826482043752955,0.8282806980968608,6.284134161070802,True,2
2,51.27512,4.47169,0.0,0.0,697.5,0.5959897610921502,0.2851621695081857,9.31583903073585,1.0,6.5489351786970165,True,3
20,51.17416,3.20048,0.0511955150748284,25.41639969514017,592.0,0.6945876288659794,0.2638207945900254,19.260863752522994,0.9488044849251716,6.385194398997726,True,1
21,50.86015,5.50161,0.1025188877839626,22.50033937499262,241.5,0.6015358361774744,0.3224142556045219,7.125898345000482,0.8974811122160373,5.491001710377538,True,3
22,50.81330800184882,4.935984252796022,0.0263003101337462,8.311887374027663,387.0,0.6847269624573379,0.3041649874717457,31.05017209521469,0.9736996898662538,5.961005339623274,True,1
23,50.81324,4.93447,0.0,0.0,610.0,0.6847269624573379,0.2919223832177313,30.984328472692663,1.0,6.415096959171596,True,1
24,50.8133795491886,4.935044252605416,0.0,0.0,343.0,0.6847269624573379,0.2625756563632315,31.019754697671654,1.0,5.840641657373398,True,1
25,51.13679500160176,5.597669323604317,0.1499699624393239,74.64278015883042,561.0,0.5950141110065852,0.352278495616059,26.68260332680003,0.8500300375606761,6.331501849893691,True,2
26,50.86995,4.45444,0.2226192191983385,114.28702144478495,556.0,0.5646706586826348,0.2723304511678089,10.601734570670924,0.7773807808016614,6.322565239927284,True,2
27,50.92127,4.34013,0.1623613232029624,45.247920428327745,311.0,0.5634395670475045,0.2707825203252032,13.91142386119664,0.8376386767970375,5.7430031878094825,True,2
28,50.75488,5.30314,0.3796672636478281,22.619414944857873,47.0,0.5908450704225352,0.3125,20.630337665049943,0.6203327363521719,3.871201010907891,True,2
29,50.79286,5.52825,0.1294584170068314,13.765500242991948,117.0,0.5846372688477952,0.3356643356643357,14.689558472509235,0.8705415829931686,4.770684624465665,True,2
3,51.27503,4.47222,0.0,0.0,639.0,0.5959897610921502,0.3110202855998932,9.351459262332474,1.0,6.461468176353717,True,3
30,50.94374,5.17691,0.1292934611340327,42.415547525006474,361.0,0.5904292751583392,0.2391304347826087,19.416171618456012,0.8707065388659672,5.8916442118257715,True,3
31,50.94366,5.1775,0.1503846697831131,51.044301205018115,360.0,0.5908450704225352,0.31647264652446,19.37394401977293,0.8496153302168868,5.8888779583328805,True,2
32,50.97971,5.20961,0.1912550152747265,13.988206725561838,78.0,0.5904292751583392,0.2702702702702703,18.31271834798906,0.8087449847252735,4.3694478524670215,True,2
33,50.97978,5.20936,0.1944282989119663,14.159326758700026,74.0,0.5904292751583392,0.3657333220882179,18.33186949641661,0.8055717010880337,4.31748811353631,True,2
34,50.75486,5.3033,0.3672051718859829,23.194506516926424,53.0,0.5863836017569546,0.3235294117647059,20.62663805497211,0.632794828114017,3.9889840465642745,True,2
35,50.88112,5.6314,0.1912260927678647,74.178559401462,383.0,0.591261451726568,0.2812135355892649,13.26242712277787,0.8087739072321353,5.950642552587727,True,2
36,50.88131,5.63012,0.2007204194329694,41.13901864048796,218.0,0.5871559633027523,0.3008849557522124,13.170354893112744,0.7992795805670306,5.389071729816501,True,2
37,51.23299,5.29211,0.1416734911441628,33.572833142327916,267.0,0.5534324133050248,0.3275862068965517,18.4884776952233,0.8583265088558372,5.5909869805108565,True,2
38,51.23277,5.29189,0.1645204662225787,39.78208822370513,256.0,0.5534324133050248,0.3444444444444444,18.471548283766797,0.8354795337774212,5.54907608489522,True,2
39,51.13425,5.47817,0.2962880274161504,56.55743029798819,176.0,0.5923566878980892,0.3739837398373983,24.406543725322923,0.7037119725838497,5.176149732573829,True,2
4,51.16023,5.19011,0.2483699290936135,34.910668452130125,138.0,0.560580204778157,0.3366841786219438,13.23155231613464,0.7516300709063864,4.9344739331306915,True,2
40,51.13438,5.47892,0.2650553828206295,52.01464595853304,201.0,0.5923566878980892,0.3619036954087346,24.425196027412102,0.7349446171793705,5.308267697401205,True,2
41,50.97025,5.69799,0.0442647406738169,6.01259110675727,152.0,0.5905511811023622,0.3141592920353982,18.392670849551862,0.9557352593261832,5.030437921392435,True,3
42,50.97043,5.6981,0.0347200816051655,4.503601146737601,150.0,0.5931963146704465,0.3142857142857143,18.40654823526389,0.9652799183948344,5.017279836814924,True,3
43,51.09344,5.79715,0.3476430491356485,155.60439643234824,353.0,0.5928825622775801,0.3856403235911383,31.315798890178012,0.6523569508643515,5.869296913133774,True,2
44,51.09359,5.79726,0.3445688208553385,158.41447792480838,383.0,0.5928825622775801,0.2547715506297674,31.33227514183853,0.6554311791446614,5.950642552587727,True,2
45,51.23127,5.44377,0.1045955227152174,19.38786338656901,222.5,0.5555555555555556,0.2742275758813121,29.02545500393137,0.8954044772847825,5.409411414053624,True,2
46,51.231,5.44375,0.1195631145050616,26.300748817248248,249.0,0.5555555555555556,0.2877275736511089,29.02302800596272,0.8804368854949384,5.521460917862246,True,2
47,50.91372,4.41497,0.0961350437233299,52.95941106099326,561.5,0.5692640692640693,0.2714608920491273,13.61908991238221,0.90386495627667,6.332391134078575,True,3
48,51.00509,5.60389,0.4650260171493261,288.27762621587925,462.0,0.5964523281596452,0.3816425120772946,14.664670540382067,0.5349739828506739,6.137727054086234,False,
49,50.95264,5.41001,0.1638767249635769,56.43505445621008,320.0,0.5960516324981018,0.3196751259010566,5.006357260601915,0.836123275036423,5.771441123130016,True,2
5,51.16018,5.19003,0.2398030836617726,38.43003195429956,154.0,0.560580204778157,0.3373137520496185,13.229635366466333,0.7601969163382274,5.043425116919247,True,2
50,51.19291,3.16252,0.0453687322772281,18.580992988601903,501.0,0.7024070021881839,0.2743484224965706,17.392253257972435,0.9546312677227718,6.218600119691729,True,1
51,51.19281,3.16252,0.094029483129924,56.2010548635717,635.0,0.7024070021881839,0.2533333333333333,17.403234870847925,0.905970516870076,6.455198563340122,True,1
52,51.22632,3.24095,0.0123499595392036,11.75279963858162,865.0,0.7119341563786008,0.2445277726967867,13.732655298933077,0.9876500404607964,6.763884908562435,True,1
53,51.23023,3.228,0.0887555650405537,32.54818331540375,405.0,0.7021897810218978,0.2968197879858657,13.152291026065477,0.9112444349594464,6.0063531596017325,True,1
54,51.23015,3.22818,0.0710959072047791,26.856346666484654,426.5,0.7021897810218978,0.2752788825298283,13.162837074921429,0.9289040927952208,6.0579542883768145,True,1
55,51.07161,3.08261,0.116948993513055,16.41475899032818,161.0,0.5941605839416059,0.2970655761228297,18.839272983095345,0.883051006486945,5.087596335232384,True,2
56,51.07147,3.08244,0.1032495082323471,17.545083462921557,193.0,0.5941605839416059,0.2473578818556012,18.825604352649336,0.8967504917676529,5.267858159063328,True,3
57,50.96056,3.24491,0.1809652809264055,17.386842041793305,95.0,0.5945945945945946,0.2916666666666667,10.683895320451208,0.8190347190735945,4.564348191467836,True,2
58,50.96021,3.24471,0.1775011049864706,11.260431308061772,67.0,0.5945945945945946,0.3409090909090909,10.649701134757471,0.8224988950135295,4.219507705176107,True,2
59,50.96784,3.18479,0.0429258702583005,4.225272595930683,135.0,0.5931336742147553,0.2705882352941176,8.364969874496516,0.9570741297416996,4.912654885736052,True,3
6,51.10894,3.70298,0.027474552359821,6.9485687198387325,312.0,0.5976962457337884,0.2641509433962264,16.34204417204526,0.9725254476401788,5.746203190540153,True,3
60,50.96783,3.18411,0.1171479112922943,9.38497543355658,122.0,0.5945945945945946,0.2913835770528684,8.338934745749068,0.8828520887077056,4.812184355372417,True,3
61,50.80555,3.0921,0.0468575524089025,19.74771925544684,508.5,0.5950292397660819,0.2633945598715246,11.140292956460298,0.9531424475910976,6.23342985266278,True,3
62,50.8058,3.09154,0.0431376060322277,18.11311771460379,498.5,0.5950292397660819,0.293799871862077,11.120396721708934,0.9568623939677724,6.2136075980886085,True,3
63,51.13529,2.74289,0.2519874408476821,170.0768428035335,501.0,0.5982209043736101,0.3167701863354037,36.92683218035714,0.7480125591523179,6.218600119691729,True,2
64,51.13359,2.75737,0.4140106696368369,839.9151311430619,1440.0,0.5977777777777777,0.3259603752127084,36.07325824728752,0.585989330363163,7.273092595999522,False,
65,51.13435,2.75511,0.2423584608704739,147.61925886025597,477.5,0.5977777777777777,0.3133289469127679,36.24463615744262,0.757641539129526,6.170656210893009,True,2
66,51.1347,2.74369,0.4296008610700012,431.82215594383007,659.0,0.5979151154132539,0.3474178403755869,36.841107166986255,0.5703991389299987,6.492239835020471,False,
67,50.85018,2.85624,0.1646550229238,47.6959251410216,295.5,0.5974702380952381,0.2777777777777778,19.56193159005426,0.8353449770762,5.69204721843778,True,2
68,50.85032,2.85608,0.1640556796642804,48.66619306371268,304.0,0.5983606557377049,0.3209090558320793,19.567840944859093,0.8359443203357195,5.720311776607412,True,2
69,50.87549,4.71526,0.0,0.0,2442.0,0.5955056179775281,0.2325953587623366,25.902655694833808,1.0,7.8009820712577405,True,3
7,51.1089,3.70317,0.0295828485854115,6.842156241500902,294.5,0.596137339055794,0.340076726342711,16.331732922557013,0.9704171514145884,5.688668836846153,True,3
70,50.95682,4.59318,0.0927884117743323,27.39938528863857,329.0,0.5950598802395209,0.2876264661115587,14.002189477467,0.9072115882256676,5.799092654460526,True,3
71,50.95589,4.59164,0.1149048619350364,36.88328068911454,343.5,0.5950598802395209,0.3187832291359991,14.0631177779432,0.8850951380649635,5.842094090453713,True,2
72,50.89135,4.64689,0.0,0.0,249.0,0.5950598802395209,0.2715490754706441,22.155293765547764,1.0,5.521460917862246,True,3
73,50.89128,4.64685,0.0560498261967077,38.398084668909405,858.5,0.5931528662420382,0.2445328031809145,22.16139431234698,0.9439501738032924,6.756350824822904,True,3
74,50.81909,3.25728,0.0,0.0,291.0,0.5991024682124159,0.2734082397003745,13.403809251563098,1.0,5.676753802268282,True,3
75,50.81925,3.25731,0.0,0.0,347.0,0.5991024682124159,0.2705223880597014,13.392770944992444,1.0,5.8522024797744745,True,3
76,50.84606,4.69597,0.0,0.0,292.0,0.5737827715355805,0.2147058823529411,24.376760631340904,1.0,5.680172609017068,True,3
77,50.88672,4.70796,0.0,0.0,913.0,0.5955056179775281,0.2327868852459016,24.569176414300717,1.0,6.81783057145415,True,3
78,50.75824,4.1652,0.2870190681297587,16.886313526140484,50.0,0.5756207674943566,0.2727272727272727,14.205193731393054,0.7129809318702413,3.9318256327243257,True,2
79,50.75848,4.16537,0.1998397398065389,36.71156049869364,180.0,0.5755228505034856,0.3042328042328042,14.1857511470053,0.8001602601934611,5.198497031265826,True,2
8,51.06759,4.68823,0.0784904128888768,18.54771110860065,292.0,0.5955631399317406,0.2553802451600951,11.462855960988804,0.9215095871111232,5.680172609017068,True,3
80,50.91418,4.29571,0.1885806695271595,16.463254882783126,95.5,0.5655577299412916,0.2727272727272727,13.776534573609496,0.8114193304728405,4.56954300834494,True,2
81,50.91439,4.29568,0.1069005676099773,8.133258135546214,91.0,0.5718608169440242,0.3237410071942446,13.799348134910565,0.8930994323900227,4.5217885770490405,True,2
82,50.75128,4.33336,0.1159596418163135,6.788634338693541,66.0,0.575,0.2702702702702703,5.3327735446603075,0.8840403581836864,4.204692619390966,True,3
83,50.75175,4.33304,0.0,0.0,45.0,0.5744520030234316,0.2608695652173913,5.290726362397498,1.0,3.828641396489095,True,3
84,50.91717,3.18772,0.1168243100610758,54.28720428931601,493.0,0.6001500375093773,0.3074712643678161,4.856133776035965,0.8831756899389241,6.202535517187923,True,3
85,50.89621,4.17294,0.1144477879620602,8.40769133469248,86.0,0.5760542168674698,0.3038595184909406,17.061875173726182,0.8855522120379398,4.465908118654584,True,2
86,50.89132,4.1709,0.0790759774178167,5.0993367189366126,80.0,0.5760542168674698,0.3181818181818182,16.826280675299923,0.9209240225821832,4.394449154672439,True,2
87,50.99084,4.81259,0.0074360803186212,5.138513404257878,730.0,0.5960813865862848,0.2857142857142857,22.211885823910013,0.9925639196813788,6.594413459749778,True,3
88,51.082,4.91325,0.2567435817910778,71.06620704238075,250.0,0.5697061039939714,0.3163636363636363,17.4203928688935,0.7432564182089222,5.5254529391317835,True,2
89,51.08191,4.91334,0.144373950593121,104.99554713901703,834.0,0.5697061039939714,0.321656050955414,17.426438573198123,0.8556260494068789,6.727431724850855,True,2
9,51.06904,4.69524,0.1255179018512791,39.310823417796826,345.0,0.5955631399317406,0.3203467716377829,11.940978260436667,0.8744820981487209,5.846438775057725,True,2
90,51.35752,4.6243,0.2055051308051896,36.38626027198849,181.0,0.6056018168054504,0.3190661478599221,18.45694138885309,0.7944948691948104,5.204006687076795,True,2
91,51.35739,4.62422,0.2137205828729549,39.5241281778537,184.0,0.6027820710973725,0.3221739739459308,18.44867398687752,0.7862794171270451,5.220355825078324,True,2
92,51.14989,4.64479,0.1163972459659611,32.03260127520981,308.0,0.5974222896133434,0.2979683972911964,11.810983028153736,0.8836027540340389,5.733341276897746,True,3
93,51.14998,4.64469,0.117836183263198,33.46635939327986,315.0,0.5968109339407744,0.2982456140350877,11.81306887086996,0.882163816736802,5.755742213586912,True,3
94,51.17345,4.81283,0.2243835486586976,34.56990809955616,217.0,0.5708870356330553,0.3257575757575757,15.86306156013618,0.7756164513413023,5.384495062789089,True,2
95,51.11687,4.58437,0.0838808053049537,23.754460367107583,320.0,0.5983606557377049,0.3185370221991799,6.242051659768676,0.9161191946950462,5.771441123130016,True,3
96,51.11705,4.58444,0.0811231382902288,21.989819045256368,304.0,0.6153846153846154,0.3063063063063063,6.260206015305951,0.9188768617097712,5.720311776607412,True,3
97,51.14813,4.99698,0.0684595354317623,20.77825015077576,375.0,0.5714285714285714,0.2734093974820144,8.41539555304562,0.9315404645682376,5.929589143389895,True,3
98,51.1481,4.99643,0.0624159427187326,18.117529461403308,369.0,0.5714285714285714,0.3333333333333333,8.428312616650766,0.9375840572812674,5.91350300563827,True,3
99,51.04564,4.46882,0.0,0.0,141.0,0.5981735159817352,0.3525641025641026,5.094094372347591,1.0,4.955827057601261,True,3
