site_id,site_lat,site_lon,rain_penalty_pct,rain_penalty_count,median_daily_count,rain_share,commute_share,station_km,weather_resilience_index
1,50.91618331151478,4.456121776137429,0.22450367065453675,89.18806230200468,369.0,0.5656996587030717,0.29747450218552696,14.972683799800057,0.7754963293454633
10,50.93549,4.01571,0.1783128916530801,47.772952444228224,282.0,0.5976962457337884,0.313953488372093,14.848313522523695,0.8216871083469199
100,51.0457,4.46883,0.0,0.0,1620.0,0.5984790874524715,0.27225130890052357,5.089265755710673,1.0
101,50.97799,5.04481,0.04267353185791271,11.139766161883458,300.0,0.5729564553093965,0.2767857142857143,27.09317077256348,0.9573264681420873
102,50.9779,5.04474,0.059137662776274,12.10449475770416,240.0,0.571319018404908,0.3197550939138515,27.102947390313943,0.940862337223726
103,51.31681,4.73872,0.15097257100639733,23.15121933701265,169.0,0.5726299694189603,0.35871420749186717,22.704384889445336,0.8490274289936026
104,51.31682,4.73852,0.12231599235452512,19.26019498702047,177.0,0.5726299694189603,0.2985781990521327,22.717204689805005,0.8776840076454748
105,50.75509,4.24943,0.43558385295264995,4.528887032100642,38.5,0.5785714285714286,0.3157894736842105,8.917136419511992,0.5644161470473501
106,50.75533,4.24951,0.07796754073729481,3.189432735156304,46.0,0.5814843152257078,0.2972972972972973,8.898496763005497,0.9220324592627052
107,50.8870744,4.7087919,0.0,0.0,4443.0,0.6001552795031055,0.2533951608654495,24.566074302296073,1.0
108,50.8471728,4.6954674,0.07806486213745628,52.2618466522963,758.5,0.5878693623639192,0.2872111978431926,24.37030715070776,0.9219351378625438
109,50.9903936,4.4707023,0.12763498201565415,145.35616159110884,1628.0,0.5985970381917382,0.27350081037277146,10.147789860063003,0.8723650179843458
11,50.93385,4.01647,0.21451834914060164,79.3495736062945,380.0,0.5972696245733788,0.312316715542522,14.960667990339545,0.7854816508593984
110,51.1739426,4.811783,0.13071419015248545,119.96870778085548,965.0,0.58046875,0.3537061533720659,15.913469722576002,0.8692858098475146
111,50.8871216,4.4597084,0.2083518244958359,84.40938258364523,424.5,0.5915492957746479,0.2887940596901956,12.340920352077186,0.7916481755041641
112,51.1354992,4.9394789,0.075075708636711,32.19123098305977,557.5,0.5816326530612245,0.34626060530995373,11.342676190548419,0.924924291363289
113,50.96018,3.55578,0.13225045252677925,27.720340469277986,227.0,0.6036536934074662,0.3154121863799283,18.358092061948323,0.8677495474732208
114,50.9598305,3.555502,0.09334219194344635,3.595431586623917,66.0,0.6028594122319301,0.3333333333333333,18.38225133614264,0.9066578080565536
115,51.1058367,3.4350591,0.11893148722436994,69.79897791239216,650.0,0.6020816653322658,0.30818278427205104,30.069445363203616,0.88106851277563
116,50.9986113,3.8040599,0.09072840490168088,22.810434091564083,280.0,0.6020816653322658,0.305993690851735,2.2017623182115953,0.9092715950983191
117,50.9986113,3.8040599,0.13323451909730272,43.82262144483221,348.0,0.6020816653322658,0.2682060390763766,2.2017623182115953,0.8667654809026972
118,51.028049,3.7681359,0.0,0.0,979.5,0.6003210272873194,0.2545317220543807,6.278243099303229,1.0
119,51.0281795,3.7683918,0.06447826853470848,0.5479726903735909,563.0,0.5941765241128298,0.24868189806678384,6.281003634042086,0.9355217314652915
12,50.81896,4.47803,0.3350324425056608,127.07891967239888,374.5,0.5411568409343716,0.2837124421560321,8.799369806443483,0.6649675574943392
120,51.0607671,4.0547741,0.13660362837649834,14.438945575245569,110.0,0.6016064257028112,0.3246413272591283,18.947297732112894,0.8633963716235017
121,51.0604067,4.0556696,0.07011921493097976,22.024888310277504,345.0,0.6016064257028112,0.27325581395348836,18.983751381375352,0.9298807850690203
122,51.0373918,4.1019222,0.0,0.0,544.0,0.6016064257028112,0.28248435986702614,20.987406369123214,1.0
123,51.1964555,4.2362771,0.29854709330126566,0.3841814841804959,252.0,0.4306569343065693,0.30266277423920734,16.80509174694351,0.7014529066987343
124,51.1964712,4.2361077,0.27294624564257297,11.881192186011955,448.5,0.5880149812734082,0.2967741935483871,16.80983586320131,0.727053754357427
125,51.0372706,4.1025998,0.1119578487224406,119.55550200305453,1337.0,0.6026058631921825,0.26643922137088427,21.02855801993324,0.8880421512775594
126,51.1017709,4.1469307,0.14529492604983305,57.425365551943344,405.0,0.6016326530612245,0.3009950248756219,26.54424780273901,0.8547050739501669
127,51.1342966,4.9400421,0.06041890565446235,22.772007338809658,490.5,0.5776143790849673,0.37334788937409025,11.43462841042537,0.9395810943455376
128,51.09644,3.97023,0.0530547404866031,13.804955844275582,301.0,0.6036036036036037,0.2779783393501805,16.824942622883,0.9469452595133969
129,51.09612,3.97025,0.04317573356248925,11.262280730722836,290.0,0.6036036036036037,0.233502538071066,16.798566484101535,0.9568242664375107
13,51.03018,3.70146,0.041201390105452214,25.23514470569637,736.0,0.5972696245733788,0.27124064258973857,9.746966639684645,0.9587986098945478
131,51.0276612,3.558569,0.1980711087319984,64.10880005369043,299.0,0.5931156222418358,0.29553264604810997,18.76723802520672,0.8019288912680016
132,51.245445,4.8298851,0.15324496329268386,17.400218470037856,119.0,0.5692446043165468,0.3013763197586727,13.999043581965354,0.8467550367073161
133,51.2453915,4.8297416,0.15207755897876002,17.650988576881986,122.0,0.5722171113155474,0.316869918699187,14.00772427823801,0.84792244102124
134,51.2548405,5.1037658,0.13822602818927576,45.05848566288745,365.0,0.5692446043165468,0.2785195200270407,6.496781020006561,0.8617739718107242
135,51.2544998,5.1040064,0.1513040405023715,48.659528346362634,359.0,0.5692446043165468,0.3150091575091575,6.488972717337895,0.8486959594976284
136,51.0876313,3.7587918,0.0,0.0,455.5,0.5956284153005464,0.24818840579710144,12.588086643714595,1.0
137,50.9411605,5.3417576,0.0,0.0,1948.0,0.6108422071636012,0.2725752508361204,8.126113377515688,1.0
138,50.9405318,5.3422472,0.08394976769739987,146.85124828537778,1810.5,0.607824427480916,0.2809193147094304,8.069629419264755,0.9160502323026001
139,51.0644267,5.3819796,0.4090397965970396,186.19706030688545,349.0,0.6074498567335244,0.38857999393687614,17.240901133794676,0.5909602034029604
14,50.97172,5.48927,0.17900374890570847,27.297893956731563,142.0,0.6015358361774744,0.3014026348561316,6.826006268254662,0.8209962510942915
140,50.9300038,5.3438616,0.01796362099162367,29.214776565284637,1913.5,0.6083172147001934,0.27639140392184375,7.6336971655693295,0.9820363790083764
142,51.22632,3.24095,0.0,0.0,3788.5,0.7380952380952381,0.22956462619752405,13.732655298933077,1.0
143,50.83066,3.26286,0.0,0.0,4487.0,0.6306196840826246,0.2733750809760311,12.830132959268715,1.0
145,50.7885856,4.4908759,0.11381146429634946,27.575483155997233,0.0,0.5719298245614035,0.24317674303200726,9.391628479388176,0.8861885357036505
146,50.7881478,4.4902818,0.11423046741647612,27.438271917168663,0.0,0.5669014084507042,0.21176470588235294,9.354907518656448,0.8857695325835239
147,50.7797555,4.4975769,0.12449351061196837,28.84967412397114,126.0,0.616580310880829,0.3083525916143942,9.998865590946028,0.8755064893880317
148,50.76699493,4.44471001,0.12450490211035838,25.465095217339126,290.0,0.6197916666666666,0.30284818395610136,6.939364605519242,0.8754950978896416
149,50.88297881,4.43356644,0.13053867420860443,29.441054604833226,269.0,0.6256684491978609,0.37095837688083744,10.97113278038771,0.8694613257913956
15,51.21371,2.92743,0.07646088267332347,42.17678543235877,604.0,0.6949658703071673,0.28169014084507044,24.190891925121935,0.9235391173266765
150,50.8687535,4.56136297,0.17103785578713457,37.208519350380314,81.0,0.6204379562043796,0.3413665254237288,16.38544883738312,0.8289621442128654
151,50.8690262,4.6854839,0.17097376139422682,41.414133890632655,181.0,0.625,0.27710843373493976,24.37404848149087,0.8290262386057732
152,50.968901168564656,4.149169474840164,0.13026814329093483,33.5169619006995,262.0,0.6829268292682927,0.3851851851851852,23.36117875728726,0.8697318567090652
16,50.83332,3.27777,0.0,0.0,713.0,0.6007718696397941,0.2697361195611813,13.479489200325746,1.0
17,50.83339,3.27773,0.0,0.0,695.5,0.6015358361774744,0.28716933271211886,13.472665508656112,1.0
18,51.21378,2.92765,0.07031605046789617,42.233064885966144,651.5,0.6949658703071673,0.2770914562766732,24.174025487073553,0.9296839495321039
19,50.93433,4.01471,0.17171930190313925,84.25778074223906,535.0,0.5940848692670382,0.3094688221709007,14.826482043752955,0.8282806980968608
2,51.27512,4.47169,0.0,0.0,697.5,0.5959897610921502,0.28516216950818574,9.31583903073585,1.0
20,51.17416,3.20048,0.051195515074828404,25.41639969514017,592.0,0.6945876288659794,0.2638207945900254,19.260863752522994,0.9488044849251716
21,50.86015,5.50161,0.10251888778396262,22.50033937499262,241.5,0.6015358361774744,0.3224142556045219,7.125898345000482,0.8974811122160373
22,50.81330800184882,4.935984252796022,0.02630031013374624,8.311887374027663,387.0,0.6847269624573379,0.3041649874717457,31.05017209521469,0.9736996898662538
23,50.81324,4.93447,0.0,0.0,610.0,0.6847269624573379,0.2919223832177313,30.984328472692663,1.0
24,50.8133795491886,4.935044252605416,0.0,0.0,343.0,0.6847269624573379,0.26257565636323155,31.019754697671654,1.0
25,51.13679500160176,5.597669323604317,0.1499699624393239,74.64278015883042,561.0,0.5950141110065852,0.35227849561605906,26.68260332680003,0.8500300375606761
26,50.86995,4.45444,0.22261921919833857,114.28702144478495,556.0,0.5646706586826348,0.2723304511678089,10.601734570670924,0.7773807808016614
27,50.92127,4.34013,0.16236132320296248,45.247920428327745,311.0,0.5634395670475045,0.2707825203252032,13.911423861196639,0.8376386767970375
28,50.75488,5.30314,0.3796672636478281,22.619414944857873,47.0,0.5908450704225352,0.3125,20.630337665049943,0.6203327363521719
29,50.79286,5.52825,0.12945841700683142,13.765500242991948,117.0,0.5846372688477952,0.3356643356643357,14.689558472509235,0.8705415829931686
3,51.27503,4.47222,0.0,0.0,639.0,0.5959897610921502,0.31102028559989325,9.351459262332474,1.0
30,50.94374,5.17691,0.12929346113403278,42.415547525006474,361.0,0.5904292751583392,0.2391304347826087,19.416171618456012,0.8707065388659672
31,50.94366,5.1775,0.15038466978311316,51.044301205018115,360.0,0.5908450704225352,0.31647264652446,19.37394401977293,0.8496153302168868
32,50.97971,5.20961,0.19125501527472658,13.988206725561838,78.0,0.5904292751583392,0.2702702702702703,18.31271834798906,0.8087449847252735
33,50.97978,5.20936,0.19442829891196636,14.159326758700026,74.0,0.5904292751583392,0.36573332208821796,18.33186949641661,0.8055717010880337
34,50.75486,5.3033,0.36720517188598295,23.194506516926424,53.0,0.5863836017569546,0.3235294117647059,20.62663805497211,0.632794828114017
35,50.88112,5.6314,0.19122609276786476,74.178559401462,383.0,0.591261451726568,0.2812135355892649,13.26242712277787,0.8087739072321353
36,50.88131,5.63012,0.2007204194329694,41.13901864048796,218.0,0.5871559633027523,0.3008849557522124,13.170354893112743,0.7992795805670306
37,51.23299,5.29211,0.14167349114416283,33.572833142327916,267.0,0.5534324133050248,0.3275862068965517,18.4884776952233,0.8583265088558372
38,51.23277,5.29189,0.16452046622257874,39.78208822370513,256.0,0.5534324133050248,0.34444444444444444,18.471548283766797,0.8354795337774212
39,51.13425,5.47817,0.2962880274161504,56.55743029798819,176.0,0.5923566878980892,0.37398373983739835,24.406543725322923,0.7037119725838497
4,51.16023,5.19011,0.24836992909361355,34.910668452130125,138.0,0.560580204778157,0.33668417862194383,13.231552316134641,0.7516300709063864
40,51.13438,5.47892,0.2650553828206295,52.01464595853304,201.0,0.5923566878980892,0.3619036954087346,24.425196027412102,0.7349446171793705
41,50.97025,5.69799,0.04426474067381691,6.01259110675727,152.0,0.5905511811023622,0.3141592920353982,18.392670849551866,0.9557352593261831
42,50.97043,5.6981,0.034720081605165536,4.503601146737601,150.0,0.5931963146704465,0.3142857142857143,18.40654823526389,0.9652799183948345
43,51.09344,5.79715,0.3476430491356485,155.60439643234824,353.0,0.5928825622775801,0.3856403235911383,31.315798890178012,0.6523569508643515
44,51.09359,5.79726,0.3445688208553385,158.41447792480838,383.0,0.5928825622775801,0.2547715506297674,31.332275141838526,0.6554311791446614
45,51.23127,5.44377,0.10459552271521749,19.38786338656901,222.5,0.5555555555555556,0.2742275758813121,29.02545500393137,0.8954044772847825
46,51.231,5.44375,0.11956311450506166,26.300748817248248,249.0,0.5555555555555556,0.2877275736511089,29.02302800596272,0.8804368854949384
47,50.91372,4.41497,0.0961350437233299,52.95941106099326,561.5,0.5692640692640693,0.2714608920491273,13.61908991238221,0.9038649562766701
48,51.00509,5.60389,0.4650260171493261,288.27762621587925,462.0,0.5964523281596452,0.38164251207729466,14.664670540382067,0.5349739828506739
49,50.95264,5.41001,0.16387672496357697,56.43505445621008,320.0,0.5960516324981018,0.3196751259010566,5.006357260601915,0.836123275036423
5,51.16018,5.19003,0.2398030836617726,38.43003195429956,154.0,0.560580204778157,0.33731375204961855,13.229635366466331,0.7601969163382274
50,51.19291,3.16252,0.04536873227722811,18.580992988601906,501.0,0.7024070021881839,0.27434842249657065,17.392253257972435,0.9546312677227718
51,51.19281,3.16252,0.09402948312992408,56.2010548635717,635.0,0.7024070021881839,0.25333333333333335,17.403234870847925,0.9059705168700759
52,51.22632,3.24095,0.012349959539203611,11.752799638581621,865.0,0.7119341563786008,0.24452777269678677,13.732655298933077,0.9876500404607964
53,51.23023,3.228,0.08875556504055371,32.54818331540375,405.0,0.7021897810218978,0.2968197879858657,13.152291026065475,0.9112444349594463
54,51.23015,3.22818,0.0710959072047791,26.856346666484654,426.5,0.7021897810218978,0.27527888252982835,13.162837074921429,0.9289040927952209
55,51.07161,3.08261,0.11694899351305502,16.41475899032818,161.0,0.5941605839416059,0.2970655761228297,18.839272983095345,0.883051006486945
56,51.07147,3.08244,0.10324950823234713,17.545083462921557,193.0,0.5941605839416059,0.24735788185560129,18.825604352649336,0.8967504917676529
57,50.96056,3.24491,0.18096528092640551,17.386842041793305,95.0,0.5945945945945946,0.2916666666666667,10.683895320451207,0.8190347190735945
58,50.96021,3.24471,0.1775011049864706,11.260431308061772,67.0,0.5945945945945946,0.3409090909090909,10.649701134757471,0.8224988950135295
59,50.96784,3.18479,0.04292587025830055,4.225272595930683,135.0,0.5931336742147553,0.27058823529411763,8.364969874496516,0.9570741297416995
6,51.10894,3.70298,0.027474552359821068,6.9485687198387325,312.0,0.5976962457337884,0.2641509433962264,16.34204417204526,0.9725254476401789
60,50.96783,3.18411,0.11714791129229435,9.38497543355658,122.0,0.5945945945945946,0.2913835770528684,8.338934745749068,0.8828520887077056
61,50.80555,3.0921,0.04685755240890254,19.74771925544684,508.5,0.5950292397660819,0.26339455987152466,11.140292956460298,0.9531424475910975
62,50.8058,3.09154,0.04313760603222777,18.11311771460379,498.5,0.5950292397660819,0.293799871862077,11.120396721708934,0.9568623939677723
63,51.13529,2.74289,0.2519874408476821,170.0768428035335,501.0,0.5982209043736101,0.3167701863354037,36.92683218035714,0.7480125591523179
64,51.13359,2.75737,0.41401066963683697,839.9151311430619,1440.0,0.5977777777777777,0.3259603752127084,36.07325824728752,0.585989330363163
65,51.13435,2.75511,0.24235846087047394,147.61925886025597,477.5,0.5977777777777777,0.3133289469127679,36.24463615744262,0.757641539129526
66,51.1347,2.74369,0.4296008610700012,431.82215594383007,659.0,0.5979151154132539,0.3474178403755869,36.841107166986255,0.5703991389299987
67,50.85018,2.85624,0.16465502292380002,47.695925141021604,295.5,0.5974702380952381,0.2777777777777778,19.56193159005426,0.8353449770762
68,50.85032,2.85608,0.16405567966428047,48.66619306371268,304.0,0.5983606557377049,0.3209090558320793,19.567840944859093,0.8359443203357195
69,50.87549,4.71526,0.0,0.0,2442.0,0.5955056179775281,0.2325953587623366,25.902655694833808,1.0
7,51.1089,3.70317,0.029582848585411586,6.842156241500902,294.5,0.596137339055794,0.340076726342711,16.331732922557013,0.9704171514145884
70,50.95682,4.59318,0.09278841177433234,27.39938528863857,329.0,0.5950598802395209,0.28762646611155873,14.002189477466999,0.9072115882256677
71,50.95589,4.59164,0.11490486193503642,36.88328068911454,343.5,0.5950598802395209,0.31878322913599916,14.0631177779432,0.8850951380649635
72,50.89135,4.64689,0.0,0.0,249.0,0.5950598802395209,0.2715490754706441,22.155293765547764,1.0
73,50.89128,4.64685,0.056049826196707786,38.398084668909405,858.5,0.5931528662420382,0.24453280318091453,22.16139431234698,0.9439501738032923
74,50.81909,3.25728,0.0,0.0,291.0,0.5991024682124159,0.27340823970037453,13.403809251563098,1.0
75,50.81925,3.25731,0.0,0.0,347.0,0.5991024682124159,0.27052238805970147,13.392770944992444,1.0
76,50.84606,4.69597,0.0,0.0,292.0,0.5737827715355805,0.21470588235294116,24.376760631340904,1.0
77,50.88672,4.70796,0.0,0.0,913.0,0.5955056179775281,0.23278688524590163,24.569176414300717,1.0
78,50.75824,4.1652,0.28701906812975875,16.886313526140484,50.0,0.5756207674943566,0.2727272727272727,14.205193731393054,0.7129809318702413
79,50.75848,4.16537,0.1998397398065389,36.71156049869364,180.0,0.5755228505034856,0.30423280423280424,14.1857511470053,0.8001602601934611
8,51.06759,4.68823,0.07849041288887686,18.54771110860065,292.0,0.5955631399317406,0.2553802451600951,11.462855960988803,0.9215095871111232
80,50.91418,4.29571,0.18858066952715952,16.463254882783126,95.5,0.5655577299412916,0.2727272727272727,13.776534573609496,0.8114193304728405
81,50.91439,4.29568,0.10690056760997736,8.133258135546214,91.0,0.5718608169440242,0.3237410071942446,13.799348134910565,0.8930994323900227
82,50.75128,4.33336,0.11595964181631356,6.788634338693541,66.0,0.575,0.2702702702702703,5.3327735446603075,0.8840403581836864
83,50.75175,4.33304,0.0,0.0,45.0,0.5744520030234316,0.2608695652173913,5.290726362397498,1.0
84,50.91717,3.18772,0.11682431006107585,54.28720428931601,493.0,0.6001500375093773,0.3074712643678161,4.856133776035965,0.8831756899389241
85,50.89621,4.17294,0.11444778796206027,8.40769133469248,86.0,0.5760542168674698,0.30385951849094067,17.061875173726182,0.8855522120379398
86,50.89132,4.1709,0.07907597741781675,5.0993367189366126,80.0,0.5760542168674698,0.3181818181818182,16.826280675299923,0.9209240225821833
87,50.99084,4.81259,0.007436080318621204,5.138513404257878,730.0,0.5960813865862848,0.2857142857142857,22.211885823910013,0.9925639196813788
88,51.082,4.91325,0.2567435817910778,71.06620704238075,250.0,0.5697061039939714,0.31636363636363635,17.4203928688935,0.7432564182089222
89,51.08191,4.91334,0.14437395059312105,104.99554713901705,834.0,0.5697061039939714,0.321656050955414,17.426438573198123,0.8556260494068789
9,51.06904,4.69524,0.1255179018512791,39.310823417796826,345.0,0.5955631399317406,0.3203467716377829,11.940978260436667,0.8744820981487209
90,51.35752,4.6243,0.20550513080518967,36.38626027198849,181.0,0.6056018168054504,0.31906614785992216,18.45694138885309,0.7944948691948104
91,51.35739,4.62422,0.21372058287295498,39.5241281778537,184.0,0.6027820710973725,0.3221739739459308,18.44867398687752,0.7862794171270451
92,51.14989,4.64479,0.11639724596596114,32.03260127520981,308.0,0.5974222896133434,0.2979683972911964,11.810983028153736,0.8836027540340389
93,51.14998,4.64469,0.11783618326319806,33.46635939327986,315.0,0.5968109339407744,0.2982456140350877,11.81306887086996,0.882163816736802
94,51.17345,4.81283,0.22438354865869767,34.56990809955616,217.0,0.5708870356330553,0.32575757575757575,15.86306156013618,0.7756164513413023
95,51.11687,4.58437,0.08388080530495375,23.754460367107583,320.0,0.5983606557377049,0.3185370221991799,6.242051659768676,0.9161191946950462
96,51.11705,4.58444,0.08112313829022882,21.989819045256368,304.0,0.6153846153846154,0.3063063063063063,6.260206015305951,0.9188768617097711
97,51.14813,4.99698,0.06845953543176234,20.77825015077576,375.0,0.5714285714285714,0.2734093974820144,8.41539555304562,0.9315404645682377
98,51.1481,4.99643,0.06241594271873262,18.117529461403308,369.0,0.5714285714285714,0.3333333333333333,8.428312616650766,0.9375840572812674
99,51.04564,4.46882,0.0,0.0,141.0,0.5981735159817352,0.3525641025641026,5.094094372347591,1.0
